{
    "models": {
        "lines": [
            "405 Line",
            "406 Line",
            "502 Line",
            "306 Line"
        ],
        "credentials": [
            {
                "username": "user",
                "password": "1"
            },
            {
                "username": "super",
                "password": "1"
            }
        ],
        "mono_folders": [
            "X2146A_P2_Mono_DEV_Glossy_ver2",
            "X2146A_P2_Mono_DEV_Matte_ver2",
            "X2146A_UPS_Mono_DEV_Glossy_ver1",
            "X2146A_UPS_Mono_DEV_Matte_ver1",
            "X2146A_P2_Mono_DEV_Glossy_v3"
        ],
        "color_folders": [
            "X2146A-P2-Color-DEV-Glossy-ver1",
            "X2146A-P2-Color-DEV-Matte-ver1",
            "X2146A-UPS-Color-DEV-Glossy-ver1",
            "X2146A-UPS-Color-DEV-Matte-ver1"
        ],
        "folder_count": 8,
        "mono_base_path": "e\\POCB\\HEX",
        "color_base_path": "d\\POCB\\HEX"
    },
    "last_selected_model": "lines",
    "lines": [
        "501 Line",
        "502 Line",
        "503 Line",
        "504 Line"
    ],
    "credentials": [
        {
            "username": "user",
            "password": "1"
        },
        {
            "username": "super",
            "password": "1"
        }
    ],
    "mono_folders": [
        "X2146A_MP_Mono_Glossy_v2",
        "X2146A_P2_Mono_DEV_Matte_ver1",
        "X2146A_UPS_Mono_DEV_Glossy_ver1",
        "X2146A_UPS_Mono_DEV_Matte_ver1"
    ],
    "color_folders": [
        "X2146A-MP-Color-Glossy-v1",
        "X2146A-P2-Color-DEV-Matte-ver1",
        "X2146A-UPS-Color-DEV-Glossy-ver1",
        "X2146A-UPS-Color-DEV-Matte-ver1"
    ]
}